{
	"Variables": ["S", "A", "B"],
	"Terminals": ["a", "b"],
	"Productions": [
		{
			"head": "S",
			"body": ["A", "S", "B"]
		},
		{
			"head": "S",
			"body": [""]
		},
		{
			"head": "A",
			"body": ["a", "A", "S"]
		},
		{
			"head": "A",
			"body": ["a"]
		},
		{
			"head": "B",
			"body": ["S", "b", "S"]
		},
		{
			"head": "B",
			"body": ["A"]
		},
		{
			"head": "B",
			"body": ["b", "b"]
		}
	],
	"_comment": "Symbols may be multiple characters long, this is why each character in the body is it's own string.",
	
	"Start": "S"
}
